LVA-Nr.,LVA-Titel,Typ,Art,LeiterIn,Sem.,ECTS,SSt.,Nächster Termin,max_students,registered_students,no_dates_total,Abhaltungssprache_subinfo,Institut,E-Mail,Ausbildungslevel,Studienfachbereich,Anbietende Uni,Quellcurriculum,Beurteilungskriterien,Lehrmethoden,Abhaltungssprache_studyhandbook,Literatur,Lehrinhalte wechselnd?,Sonstige Informationen,Studienfach
340.100,Algorithmen und Datenstrukturen 1,VO,Präsenz,Alois Ferscha,2024S,"3,00","2,0",Do. 14.11.24 08:30 - 10:00,200,194,15.0,German,I. Pervasive Computing,teaching@pervasive.jku.at,B1 - Bachelor 1. Jahr,Informatik,Johannes Kepler Universität Linz,Bachelorstudium Informatik 2021S,Klausur am Semesterende ,Foliengestützter Vortrag,Deutsch,Folien werden im Kursbereich in Moodle zur Verfügung gestellt. Ergänzende Literatur wird in der Lehrveranstaltung bekannt gegeben. ,Nein,https://www.pervasive.jku.at/Teaching/,Software
531.163,Analysis II,UE,Präsenz,Jan-Michael Holzinger,2024S,"2,00","1,0",Letzter Termin vorbei,25,10,8.0,German,A. MINT Didaktik,jan-michael.holzinger@jku.at,,,,,,,,,,,Not available
531.160,Analysis II,VO,Präsenz,Friedrich Pillichshammer,2024S,"3,00","3,0",Mi. 23.10.24 08:30 - 10:00,100,101,29.0,German,A. MINT Didaktik,friedrich.pillichshammer@jku.at,,,,,,,,,,,Not available
239.141,Behavioral Economics,KS,Präsenz,Matthias Fahn,2024S,"3,00","2,0",Letzter Termin vorbei,200,145,10.0,English,I. Volkswirtschaftslehre,,B2 - Bachelor 2. Jahr,Volkswirtschaftslehre,Johannes Kepler Universität Linz,Bachelorstudium Wirtschaftswissenschaften 2020W 2021W,Klausur,"Vortrag und Diskussion, Experimente",Englisch,Folien,Nein,,Wahlfächer
376.027,Bionics - biomimetic Materials and Polymers,VL,Präsenz,Oliver Brüggemann,2024S,"1,50","1,0",Letzter Termin vorbei,50,50,4.0,English,I. Chemie der Polymere,oliver.brueggemann@jku.at,M1 - Master 1. Jahr,Chemie,Johannes Kepler Universität Linz,Masterstudium Polymer Chemistry (auslaufend mit 28.2.2027) 2024W,(*)Written examination,(*)LectureQuestions allowed during the lecture,English and German,"(*)a) Bionik, Werner Nachtigall.
b) Biomimetic Materials Chemistry, Stephen Mann.",Nein,,Wahlfächer
257.350,Business Engineering & Management,UE,Präsenz,Harald Lerchner,2024S,"3,00","2,0",Letzter Termin vorbei,30,13,11.0,German,I. WI Communications Engineering,,M1 - Master 1. Jahr,Wirtschaftsinformatik,Johannes Kepler Universität Linz,Masterstudium Wirtschaftsinformatik 2024W,"Ausarbeitung, Präsentation und Diskussion von Fallbeispielen und Spezialthemen",Angeleitete Explorierung und Reflexion,deutsch/englisch,Wird zu Beginn der Lehrveranstaltung seitens der Lehrveranstaltungsleitung bekannt gegeben.,Nein,,Spezialkompetenz Wirtschaftsinformatik
257.320,Business Engineering & Management,VL,Präsenz,Harald Lerchner,2024S,"3,00","2,0",Letzter Termin vorbei,40,33,10.0,German,I. WI Communications Engineering,,M1 - Master 1. Jahr,Wirtschaftsinformatik,Johannes Kepler Universität Linz,Masterstudium Wirtschaftsinformatik 2024W,Klausur (100%),"Impulsreferate, interaktive Elemente",deutsch/englisch,Wird zu Beginn der Lehrveranstaltung seitens der Lehrveranstaltungsleitung bekannt gegeben.,Nein,,Spezialkompetenz Wirtschaftsinformatik
364.000,Computer Graphics,VO,Präsenz,Oliver Bimber,2024S,"3,00","2,0",Letzter Termin vorbei,200,185,12.0,English,I. für Computergrafik,oliver.bimber@jku.at,B3 - Bachelor 3. Jahr,Informatik,Johannes Kepler Universität Linz,Bachelorstudium Informatik 2021S,"Zwischenprüfung e-Exam (Moodle Test) 
abschließende e-Prüfung (Moodle-Test)",PowerPoint Slides,Englisch,"Fundamentals of Computer Graphics, Peter Shirley and Steve Marschner, CRC Press, A K Peters, ISBN: 1568814690, 2009
Transformations and Projections in Computer Graphics, David Salomon, Springer, ISBN: 9781846283925, 2006
Radiosity and Realistic Image Synthesis, Hanrahan and Greenberg, Morgan Kaufmann, ISBN: 0121782700, 1993
Real-Time Rendering, Akenine-Möller, Haines, and Hoffman, 3rd edition, AK Peters, ISBN: 1568814240, 2008
Information Visualization: Perception for Design, Colin Ware, Morgan Kaufmann, ISBN: 1558608192, 2004
Information Visualization: Design for Interaction, Robert Spence, Prentice Hall, ISBN: 978-0132065504, 2006
Real-Time Shading, Marc Olano, John Hart, and Wolfgang Heidrich, Peters, Wellesley, ISBN: 1568811802, 2002
Data Visualization: Principle and Practice, Alexandru C. Thela, AK Peters, CRC Press, ISBN: 978-1-56881-306-6, 2008",Nein,,Anwendungen
258.300,Data & Knowledge Engineering,VL,Präsenz,Michael Schrefl,2024S,"3,00","2,0",Di. 04.02.25 15:30 - 18:30,200,132,14.0,German,I. WI Data & Knowledge Engineering,dke.win@jku.at,B2 - Bachelor 2. Jahr,Wirtschaftsinformatik,Johannes Kepler Universität Linz,Bachelorstudium Wirtschaftsinformatik 2022W,Klausur (gemeinsam mit Übungsklausur): 2 Teile je 60 Minuten,Siehe Studienmodul  Methoden und Konzepte des Data & Knowledge Engineering (Sonstige Informationen)	,Deutsch,"Basisliteratur: 
Garcia-Molina, H.; Ullman, J. D.; Widom, J.: Database Systems – The Complete Book. Prentice Hall, in der aktuellen Auflage. 
Russell, S; Norvig, P.: Artificial Intelligence. International Version. Addison Wesley, in der aktuellen Auflage.
Kemper, S.; Eickler, A.: Datenbank Systeme: Eine Einführung. Oldenbourg Verlag, in der aktuellen Auflage.
Ergänzungsliteratur wird in jedem Semester bekannt gegeben.",Nein,Siehe Studienmodul  Methoden und Konzepte des Data & Knowledge Engineering,Data & Knowledge Engineering
258.410,Data Mining,VL,Präsenz,Christoph Georg Schütz,2024S,"3,00","2,0",Letzter Termin vorbei,150,170,10.0,English,I. WI Data & Knowledge Engineering,christoph.schuetz@jku.at,M1 - Master 1. Jahr,Wirtschaftsinformatik,Johannes Kepler Universität Linz,Masterstudium Wirtschaftsinformatik 2023W,Schriftliche Klausur,"Die Lehrinhalte werden vermittelt mittels Methoden des Blended Learning, insbesondere Flipped Classroom, mit interaktiven Elementen zur Festigung des Wissens.",deutsch/englisch,"Basisliteratur:
Han, J.; Kamber, M.: Data Mining: Concepts and Techniques. Morgan Kaufmann, in der aktuellen Auflage.
Ergänzungsliteratur:
Witten, I. H.; Hall, M.: Data Mining: Practical Machine Learning Tools and Techniques. Morgan Kaufmann, in der aktuellen Auflage.
Kotu, V.; Deshpande, B.: Predictive Analytics and Data Mining: Concepts and Practice with Rapidminer. Morgan Kaufmann, in der aktuellen Auflage.
Van der Aalst, W.: Process Mining. Springer, in der aktuellen Auflage.
Liu, B.: Web Data Mining: Exploring Hyperlinks, Contents, and Usage Data. Springer Verlag, in der aktuellen Auflage.
Weitere Ergänzungsliteratur wird in jedem Semester bekannt gegeben.",Nein,,Wahlfach Wirtschaftsinformatik
371.000,Einführung in den Maschinenbau,VL,Präsenz,Klaus Zeman,2024S,"3,00","2,0",Letzter Termin vorbei,150,148,27.0,German,I. Mechatr. Produktentw. u. Fertigung,klaus.zeman@jku.at,B1 - Bachelor 1. Jahr,Maschinenbau,Johannes Kepler Universität Linz,Bachelorstudium Maschinenbau 2022W,schriftliche Prüfung,"Frontalunterricht, Erklären der theoretischen Grundlagen anhand eines Skriptums und Beispielen",Deutsch,Skriptum bzw. entsprechende Unterlagen werden zur Verfügung gestellt.,Nein,keine,Pflichtfächer
239.124,Einführung in die Makroökonomie,IK,Präsenz,Maximilian Böck,2024S,"3,00","2,0",Letzter Termin vorbei,40,14,6.0,German,I. Volkswirtschaftslehre,,B1 - Bachelor 1. Jahr,Volkswirtschaftslehre,Johannes Kepler Universität Linz,Bachelorstudium Wirtschaftswissenschaften 2020W 2020W,"""Vorlesungsprüfung"" als schriftliche Prüfung(en):Zwei Klausuren (Multiple Choice-Fragen)Zumindest an einer der beiden Klausuren muss teilgenommen werden. 
Die bessere der Noten auf die beiden Klausuren bzw. die eine absolvierte Klausur wird gewertet. 
50 Prozent der Aufgaben müssen richtig sein, um eine positive Note zu bekommen. 
Intelligentes Fragenstellen und gute Diskussionsbeiträge werden durch Mitarbeitspunkte honoriert; sie können die Note verbessern, aber nicht das Durchkommen retten. ","Die Studierenden bereiten ein Lehrbuchkapitel vor. 
Der Lektor präsentiert die wichtigsten Inhalte im Kurs und macht Verweise auf die Praxis. 
Die Studierenden sollen durch Fragenstellen jedwede Unklarheit ausräumen. ",Deutsch,"Blanchard, Olivier / Amighini, Alessia / Giavazzi, Francesco (2010), Macroeconomics – A European Perspective. Harlow (UK) etc.: Prentice Hall (Pearson Education), see 
http://www.pearsoned.co.uk/bookshop/detail.asp?item=100000000300737",Nein,,Wahlfächer
239.125,Einführung in die Makroökonomie,IK,Präsenz,Benjamin Karner,2024S,"3,00","2,0",Letzter Termin vorbei,40,42,11.0,German,I. Volkswirtschaftslehre,,B1 - Bachelor 1. Jahr,Volkswirtschaftslehre,Johannes Kepler Universität Linz,Bachelorstudium Wirtschaftswissenschaften 2020W 2020W,"""Vorlesungsprüfung"" als schriftliche Prüfung(en):Zwei Klausuren (Multiple Choice-Fragen)Zumindest an einer der beiden Klausuren muss teilgenommen werden. 
Die bessere der Noten auf die beiden Klausuren bzw. die eine absolvierte Klausur wird gewertet. 
50 Prozent der Aufgaben müssen richtig sein, um eine positive Note zu bekommen. 
Intelligentes Fragenstellen und gute Diskussionsbeiträge werden durch Mitarbeitspunkte honoriert; sie können die Note verbessern, aber nicht das Durchkommen retten. ","Die Studierenden bereiten ein Lehrbuchkapitel vor. 
Der Lektor präsentiert die wichtigsten Inhalte im Kurs und macht Verweise auf die Praxis. 
Die Studierenden sollen durch Fragenstellen jedwede Unklarheit ausräumen. ",Deutsch,"Blanchard, Olivier / Amighini, Alessia / Giavazzi, Francesco (2010), Macroeconomics – A European Perspective. Harlow (UK) etc.: Prentice Hall (Pearson Education), see 
http://www.pearsoned.co.uk/bookshop/detail.asp?item=100000000300737",Nein,,Wahlfächer
239.126,Einführung in die Makroökonomie,IK,Präsenz,Benjamin Karner,2024S,"3,00","2,0",Letzter Termin vorbei,40,35,11.0,German,I. Volkswirtschaftslehre,,B1 - Bachelor 1. Jahr,Volkswirtschaftslehre,Johannes Kepler Universität Linz,Bachelorstudium Wirtschaftswissenschaften 2020W 2020W,"""Vorlesungsprüfung"" als schriftliche Prüfung(en):Zwei Klausuren (Multiple Choice-Fragen)Zumindest an einer der beiden Klausuren muss teilgenommen werden. 
Die bessere der Noten auf die beiden Klausuren bzw. die eine absolvierte Klausur wird gewertet. 
50 Prozent der Aufgaben müssen richtig sein, um eine positive Note zu bekommen. 
Intelligentes Fragenstellen und gute Diskussionsbeiträge werden durch Mitarbeitspunkte honoriert; sie können die Note verbessern, aber nicht das Durchkommen retten. ","Die Studierenden bereiten ein Lehrbuchkapitel vor. 
Der Lektor präsentiert die wichtigsten Inhalte im Kurs und macht Verweise auf die Praxis. 
Die Studierenden sollen durch Fragenstellen jedwede Unklarheit ausräumen. ",Deutsch,"Blanchard, Olivier / Amighini, Alessia / Giavazzi, Francesco (2010), Macroeconomics – A European Perspective. Harlow (UK) etc.: Prentice Hall (Pearson Education), see 
http://www.pearsoned.co.uk/bookshop/detail.asp?item=100000000300737",Nein,,Wahlfächer
239.300,Einführung in die Makroökonomie,IK,Präsenz,Johannes Lukas,2024S,"3,00","2,0",Letzter Termin vorbei,40,37,7.0,German,I. Volkswirtschaftslehre,,B1 - Bachelor 1. Jahr,Volkswirtschaftslehre,Johannes Kepler Universität Linz,Bachelorstudium Wirtschaftswissenschaften 2020W 2020W,"""Vorlesungsprüfung"" als schriftliche Prüfung(en):Zwei Klausuren (Multiple Choice-Fragen)Zumindest an einer der beiden Klausuren muss teilgenommen werden. 
Die bessere der Noten auf die beiden Klausuren bzw. die eine absolvierte Klausur wird gewertet. 
50 Prozent der Aufgaben müssen richtig sein, um eine positive Note zu bekommen. 
Intelligentes Fragenstellen und gute Diskussionsbeiträge werden durch Mitarbeitspunkte honoriert; sie können die Note verbessern, aber nicht das Durchkommen retten. ","Die Studierenden bereiten ein Lehrbuchkapitel vor. 
Der Lektor präsentiert die wichtigsten Inhalte im Kurs und macht Verweise auf die Praxis. 
Die Studierenden sollen durch Fragenstellen jedwede Unklarheit ausräumen. ",Deutsch,"Blanchard, Olivier / Amighini, Alessia / Giavazzi, Francesco (2010), Macroeconomics – A European Perspective. Harlow (UK) etc.: Prentice Hall (Pearson Education), see 
http://www.pearsoned.co.uk/bookshop/detail.asp?item=100000000300737",Nein,,Wahlfächer
259.002,Einführung in die Softwareentwicklung mit Python,VL,Präsenz,Iris Groher,2024S,"3,00","2,0",Letzter Termin vorbei,200,223,11.0,German,I. WI Software Engineering,iris.groher@jku.at,B2 - Bachelor 2. Jahr,Betriebswirtschaftslehre,Johannes Kepler Universität Linz,Bachelorstudium Betriebswirtschaftslehre 2021W,Kumulative Modulprüfung,"Folienvortrag mit Beispielen an der Tafel, Distance Learning",Deutsch / English,Wird in der Lehrveranstaltung bekannt gegeben,Nein,(*)Attending the exercise (Uebung) connected with this lecture in the same semester is obligatory.,Wahlfächer
243.115,Einführung in die Wirtschaftswissenschaften für Juristinnen und Juristen,KV,Präsenz,René Andeßner,2024S,"6,00","6,0",Letzter Termin vorbei,200,135,22.0,German,I. Public and Nonprofit Management,jurbwl@jku.at,D - Diplom,Rechtswissenschaften,Johannes Kepler Universität Linz,Diplomstudium Rechtswissenschaften 2024W,Schriftliche Klausur,"Vortrag durch die LVA-LeiterInnen
Diskussion von Fällen und Beispielen
Begleitendes Selbststudium",Deutsch,"In der jeweils aktuellen Auflage:
Schauer, Reinbert, Betriebswirtschaftslehre, Grundlagen, 
Pernsteiner, Helmut/Andeßner, René, Finanzmanagement kompakt,
Messner, Stephanie, C1. Buchhaltung, Bilanzierung und Bilanzanalyse, in: Messner, Stephanie/Kreidl, Christian/Wala,  Thomas (Hrsg.), Grundlagen der Betriebswirtschaftslehre, 4. Auflage, Wien 2014, S. 95-132.
Von den genannten Büchern sind nur bestimmte Teile lehrveranstaltungsrelevant, genauere Hinweise zur Handhabung der Literatur werden am Beginn der Lehrveranstaltung gegeben.",Nein,,Zweiter Studienabschnitt
325.004,Einführung in die Zahlentheorie,VO,Präsenz,Friedrich Pillichshammer,2024S,"3,00","2,0",Mi. 30.10.24 08:30 - 10:00,30,20,14.0,German,I. Finanzmath. u. Angew. Zahlentheorie,,B3 - Bachelor 3. Jahr,Mathematik,Johannes Kepler Universität Linz,Bachelorstudium Technische Mathematik 2023W,Schriftliche Prüfung,,Deutsch,Skriptum,Nein,,Wahlfächer
362.064,Elektrische Maschinen,UE,Präsenz,Thomas Krainer,2024S,"1,50","1,0",Letzter Termin vorbei,35,20,9.0,German,I. Elektr. Antriebe u. Leistungselektr.,thomas.krainer@jku.at,B2 - Bachelor 2. Jahr,Mechatronik,Johannes Kepler Universität Linz,Bachelorstudium Mechatronik 2021W,Schriftliche Klausur,,Deutsch,,Nein,keine,Pflichtfächer
362.065,Elektrische Maschinen,UE,Präsenz,Stefan Mallinger,2024S,"1,50","1,0",Letzter Termin vorbei,35,33,9.0,German,I. Elektr. Antriebe u. Leistungselektr.,stefan.mallinger@jku.at,B2 - Bachelor 2. Jahr,Mechatronik,Johannes Kepler Universität Linz,Bachelorstudium Mechatronik 2021W,Schriftliche Klausur,,Deutsch,,Nein,keine,Pflichtfächer
362.066,Elektrische Maschinen,UE,Präsenz,Christoph Dobler,2024S,"1,50","1,0",Letzter Termin vorbei,35,21,9.0,German,I. Elektr. Antriebe u. Leistungselektr.,christoph.dobler@jku.at,B2 - Bachelor 2. Jahr,Mechatronik,Johannes Kepler Universität Linz,Bachelorstudium Mechatronik 2021W,Schriftliche Klausur,,Deutsch,,Nein,keine,Pflichtfächer
362.068,Elektrische Maschinen und Antriebselektronik,UE,Präsenz,Stefan Mallinger,2024S,"1,50","1,0",Letzter Termin vorbei,35,27,8.0,German,I. Elektr. Antriebe u. Leistungselektr.,stefan.mallinger@jku.at,B2 - Bachelor 2. Jahr,Informationselektronik,Johannes Kepler Universität Linz,Bachelorstudium Elektronik und Informationstechnik (ELIT) 2023W,Schriftliche Klausur,Durchrechnen von Beispielen,"Deutsch, im Bedarfsfall Englisch",,Nein,,Pflichtfächer
362.073,Elektrische Maschinen und Antriebselektronik,UE,Präsenz,Gabriel Weissitsch,2024S,"1,50","1,0",Letzter Termin vorbei,35,11,8.0,German,I. Elektr. Antriebe u. Leistungselektr.,gabriel.weissitsch@jku.at,B2 - Bachelor 2. Jahr,Informationselektronik,Johannes Kepler Universität Linz,Bachelorstudium Elektronik und Informationstechnik (ELIT) 2023W,Schriftliche Klausur,Durchrechnen von Beispielen,"Deutsch, im Bedarfsfall Englisch",,Nein,,Pflichtfächer
340.400,Embedded and Pervasive Systems,VO,Präsenz,Alois Ferscha,2024S,"3,00","2,0",Do. 21.11.24 08:30 - 10:00,200,140,14.0,German,I. Pervasive Computing,teaching@pervasive.jku.at,B3 - Bachelor 3. Jahr,Informatik,Johannes Kepler Universität Linz,Bachelorstudium Informatik 2021S,Klausur am Semesterende,Foliengestützter Vortrag ,Deutsch,Folien werden im Kursbereich in Moodle zur Verfügung gestellt. Ergänzende Literatur wird in der Lehrveranstaltung bekannt gegeben.,Nein,https://www.jku.at/institut-fuer-pervasive-computing/,Systeme
346.202,Exercises in Physical Chemistry II,UE,Präsenz,Elisabeth Leeb,2024S,"1,50","1,0",Letzter Termin vorbei,25,26,12.0,English,I. Physikalische Chemie,elisabeth.leeb@jku.at,B2 - Bachelor 2. Jahr,Chemie,Johannes Kepler Universität Linz,Bachelorstudium Chemistry and Chemical Technology 2021W,"(*)written exam, attendance, homework","(*)mathematical calculations of examples, questions during the course",Englisch,"(*)Physikalische Chemie II&III, Gordon M. Barrow, Bohmann-Vieweg, 3rd edition, 1976/1977.
Atkins’ Physical Chemistry, Peter Atkins, Julio de Paula, James Keeler, Oxford University Press; 11th edition, 2017.
Physical Chemistry, Engel and Reid, Pearson Education, 2005 ISBN 080533842X
Chemical bonding, Mark J. Winter, Oxford Chemistry Primers, 2nd edition, 2016.
Introduction to Quantum Theory and Atomic Structure, P. A. Cox, Oxford Chemistry Primers, 1996.",Nein,,(*)Physical Chemistry
346.203,Exercises in Physical Chemistry II,UE,Präsenz,Elisabeth Leeb,2024S,"1,50","1,0",Letzter Termin vorbei,25,26,12.0,English,I. Physikalische Chemie,elisabeth.leeb@jku.at,B2 - Bachelor 2. Jahr,Chemie,Johannes Kepler Universität Linz,Bachelorstudium Chemistry and Chemical Technology 2021W,"(*)written exam, attendance, homework","(*)mathematical calculations of examples, questions during the course",Englisch,"(*)Physikalische Chemie II&III, Gordon M. Barrow, Bohmann-Vieweg, 3rd edition, 1976/1977.
Atkins’ Physical Chemistry, Peter Atkins, Julio de Paula, James Keeler, Oxford University Press; 11th edition, 2017.
Physical Chemistry, Engel and Reid, Pearson Education, 2005 ISBN 080533842X
Chemical bonding, Mark J. Winter, Oxford Chemistry Primers, 2nd edition, 2016.
Introduction to Quantum Theory and Atomic Structure, P. A. Cox, Oxford Chemistry Primers, 1996.",Nein,,(*)Physical Chemistry
531.240,Geometrie,UV,Präsenz,Bert Jüttler,2024S,"3,00","3,0",Letzter Termin vorbei,25,30,33.0,German,A. MINT Didaktik,"bert.juettler@jku.at, katharina.rittenscho@ph-linz.at",,,,,,,,,,,Not available
531.241,Geometrie,UV,Präsenz,Bert Jüttler,2024S,"3,00","3,0",Letzter Termin vorbei,25,10,33.0,German,A. MINT Didaktik,"bert.juettler@jku.at, katharina.rittenscho@ph-linz.at",,,,,,,,,,,Not available
531.242,Geometrie,UV,Präsenz,Bert Jüttler,2024S,"3,00","3,0",Letzter Termin vorbei,25,14,33.0,German,A. MINT Didaktik,"bert.juettler@jku.at, katharina.rittenscho@ph-linz.at",,,,,,,,,,,Not available
243.001,Grundkurs Public und Nonprofit Management,KS,Präsenz,Sandra Stötzer,2024S,"6,00","4,0",Letzter Termin vorbei,100,72,11.0,German,I. Public and Nonprofit Management,,B2 - Bachelor 2. Jahr,Betriebswirtschaftslehre,Johannes Kepler Universität Linz,Bachelorstudium Betriebswirtschaftslehre 2023W,Schriftliche Klausur,Vortrag durch die Lehrenden; Selbststudium der Basisliteratur; gegebenenfalls Gastvortrag,Deutsch,"Schauer, Reinbert (2019), Öffentliche Betriebswirtschaftslehre – Public Management, 4. Auflage, Wien.
Schauer, Reinbert (2016), Rechnungswesen in öffentlichen Verwaltungen, 3. Auflage, Wien. 
Lichtsteiner, Hans/Gmür, Markus/Giroud, Charles/Schauer, Reinbert (2020), Das Freiburger Management-Modell für Nonprofit-Organisationen, 9. Auflage, Bern/Stuttgart/Wien. 
Andeßner, René Clemens (2004), Integriertes Potentialmanagement in Nonprofit-Organisationen, Linz. 
Weitere Literatur zur Public Governance wird im Kurs bekannt gegeben.",Nein,,Wahlfächer
360.001,Grundzüge der Thermofluiddynamik,VL,Präsenz,Philipp Gittler,2024S,"4,50","3,0",Fr. 06.12.24 13:45 - 17:00,200,121,29.0,German,I. Strömungslehre u. Wärmeübertragung,office.fluid@jku.at,B2 - Bachelor 2. Jahr,Mechatronik,Johannes Kepler Universität Linz,Bachelorstudium Mechatronik 2022W,Schriftliche und/oder mündliche Prüfung,Vortrag anhand eines Skriptums,Deutsch,"W. Schneider: Repetitorium Thermodynamik, Oldenburg Verlag, 1996.
H. Herwig, C.H. Kautz: Technische Thermodynamik, Paerson 2007.
F. Bosnjakovic: Technische Thermodynamik, Steinkopff Verlag, 1988.
A. Kluwick: Grundlagen der Strömungslehre, Skripten der TU-Wien, 1996.
J. Zierep, K. Bühler: Grundzüge der Strömungslehre, Springer, 2013.
E. Becker, E. Piltz: Technische Strömungslehre, Teubner, 1993. ",Nein,begleitende Übung,Pflichtfächer
364.046,Information Displays,VO,Präsenz,Oliver Bimber,2024S,"3,00","2,0",Letzter Termin vorbei,500,114,13.0,English,I. für Computergrafik,oliver.bimber@jku.at,M1 - Master 1. Jahr,Informatik,Johannes Kepler Universität Linz,Masterstudium Computer Science 2023W,"(*)< 15 exam registrations - oral exam
> 15 exam registrations - eExam (on-site)",(*)Slide presentation,Englisch,"(*)Displays: Fundamentals and Applications, Rolf R. Hainich and Oliver Bimber, CRC Press ",Nein,,(*)Area of Specialization
256.300,Informationsmanagement,VL,Präsenz,Michaela Trierweiler,2024S,"3,00","2,0",Letzter Termin vorbei,200,100,4.0,German,I. WI Information Engineering,,B2 - Bachelor 2. Jahr,Wirtschaftsinformatik,Johannes Kepler Universität Linz,Bachelorstudium Wirtschaftsinformatik 2024W,Schriftliche Klausur,Siehe  Informationsmanagement,Deutsch,Siehe  Informationsmanagement,Nein,,Information Engineering
531.413,Ingenieurmathematik,UV,Präsenz,Jan-Michael Holzinger,2024S,"2,00","2,0",Letzter Termin vorbei,25,9,15.0,German,A. MINT Didaktik,jan-michael.holzinger@jku.at,,,,,,,,,,,Not available
347.354,Introduction to Genetics,VL,Präsenz,Michael Breitenbach,2024S,"1,50","1,0",Letzter Termin vorbei,180,179,5.0,English,I. Organische Chemie,,B1 - Bachelor 1. Jahr,Biologische Chemie,Johannes Kepler Universität Linz,Bachelorstudium Biological Chemistry 2019W,(*)Written Exam,(*)Lecture,Englisch,"(*)Griffiths et al. An Introduction to genetic analysis, Freeman, NY, 2000
Lodish et al. Molecular cell biology, Freeman, NY, 2016
Alberts et al. Molecular biology of the cell, Garland, NY, 2015
And the corresponding newer editions of all three books",Nein,,(*)Electives
239.527,Introduction to Macroeconomics,KS,Präsenz,Jochen Güntner,2024S,"3,00","2,0",Letzter Termin vorbei,100,87,13.0,English,I. Volkswirtschaftslehre,,B1 - Bachelor 1. Jahr,Volkswirtschaftslehre,Johannes Kepler Universität Linz,Bachelorstudium International Business Administration 2021W,"(*)Written final exam, written retake exam","(*)Calculus, graphical analysis and interpretation, logical reasoning",Englisch,"(*)Textbook: Olivier Blanchard, Macroeconomics (Global Edition), 8th edition, Pearson Education Limited ",Nein,,(*)Economics
249.443,Investmentanalyse und Risikomanagement,KS,Präsenz,Johann Burgstaller,2024S,"3,00","2,0",Letzter Termin vorbei,100,24,12.0,German,A. Asset Management,johann.burgstaller@jku.at,B2 - Bachelor 2. Jahr,Betriebswirtschaftslehre,Johannes Kepler Universität Linz,Bachelorstudium Betriebswirtschaftslehre 2021W,Klausur und interaktives Element.,"Vortrag, Diskussion.",Deutsch,"Bodie, Z., Kane, A., Marcus, A.J. (2014), Investments, 10. Auflage, McGraw-Hill.
Ergänzungsliteratur wird in der Lehrveranstaltung bekanntgegeben.",Nein,,Wahlfächer 2. Studienabschnitt
136.309,Kriminologie/Abweichendes Verhalten,VL,Präsenz,Helmut Hirtenlehner,2024S,"3,00","2,0",Letzter Termin vorbei,170,98,12.0,German,I. Strafrechtswissenschaften,,D - Diplom,Sozialwissenschaften,Johannes Kepler Universität Linz,Diplomstudium Rechtswissenschaften 2024W,"Die Beurteilung erfolgt auf Grundlage von Klausuren, schriftlichen (Online-)Tests, Hausübungen, mündlichen Prüfungen und/oder Mitarbeit in der Lehrveranstaltung. Die genauen Beurteilungskriterien werden zu Beginn der Lehrveranstaltung bekanntgegeben.",Vortrag,Deutsch,"In der aktuellen Fassung:
Kunz, Kriminologie",Nein,,Zweiter Studienabschnitt
531.120,Lineare Algebra I,VO,Präsenz,Erhard Aichinger,2024S,"4,00","4,0",Letzter Termin vorbei,125,102,27.0,German,A. MINT Didaktik,erhard.aichinger@jku.at,,,,,,,,,,,Not available
368.102,Lineare Algebra und Analytische Geometrie 2,VO,Präsenz,Manuel Kauers,2024S,"7,50","5,0",Letzter Termin vorbei,120,43,36.0,German,I. Algebra,,B1 - Bachelor 1. Jahr,Mathematik,Johannes Kepler Universität Linz,Bachelorstudium Technische Mathematik 2023W,Schriftliche Prüfungen. ,,Deutsch,Wird vom jeweiligen LVA-Leiter bekanntgegeben.,Nein,,Pflichtfächer
239.506,Marktwirtschaft und Staat,IK,Präsenz,Mario Lackner,2024S,"3,00","2,0",Letzter Termin vorbei,40,41,13.0,German,A. Arbeitsmarktökonomie,,B1 - Bachelor 1. Jahr,Volkswirtschaftslehre,Johannes Kepler Universität Linz,Bachelorstudium Wirtschaftswissenschaften 2020W 2020W,"Klausur 
Vorbereitung und Präsentation von Hausübungsbeispielen","Vortrag durch die/den Lehrenden
Diskussion zu bestimmten Themen
Präsentation von Hausübungsbeispielen durch die Studierenden",Deutsch,"Skriptum zum Kurs ""Marktwirtschaft und Staat""
die in diesem IK verwendeten Folien",Nein,"Es wird empfohlen, diesen IK parallel zum gleichnamigen Kurs zu besuchen. 
Dieser IK baut auf dem (theoretischen) Wissen aus dem gleichnamigen Kurs auf und setzt mikroökonomische Grundkenntnissen über einen Gütermarkt aus den Kursen KS Einführung in die Volkswirtschaftslehre und/oder KS Einführung in die Mikroökonomie voraus. ",Wahlfächer
239.509,Marktwirtschaft und Staat,IK,Präsenz,Susanne Pech,2024S,"3,00","2,0",Letzter Termin vorbei,40,22,11.0,German,I. Volkswirtschaftslehre,,B1 - Bachelor 1. Jahr,Volkswirtschaftslehre,Johannes Kepler Universität Linz,Bachelorstudium Wirtschaftswissenschaften 2020W 2020W,"Klausur 
Vorbereitung und Präsentation von Hausübungsbeispielen","Vortrag durch die/den Lehrenden
Diskussion zu bestimmten Themen
Präsentation von Hausübungsbeispielen durch die Studierenden",Deutsch,"Skriptum zum Kurs ""Marktwirtschaft und Staat""
die in diesem IK verwendeten Folien",Nein,"Es wird empfohlen, diesen IK parallel zum gleichnamigen Kurs zu besuchen. 
Dieser IK baut auf dem (theoretischen) Wissen aus dem gleichnamigen Kurs auf und setzt mikroökonomische Grundkenntnissen über einen Gütermarkt aus den Kursen KS Einführung in die Volkswirtschaftslehre und/oder KS Einführung in die Mikroökonomie voraus. ",Wahlfächer
358.001,Maschinenelemente,VL,Präsenz,Gudrun Mikota,2024S,"3,00","2,0",Fr. 08.11.24 12:00 - 15:15,170,119,13.0,German,I. Maschinenlehre u. Fluidtechnik,office.imh@jku.at,B2 - Bachelor 2. Jahr,Maschinenbau,Johannes Kepler Universität Linz,Bachelorstudium Maschinenbau 2023W,"Schriftliche und mündliche Prüfung. Die schriftliche Prüfung besteht aus zwei Beispielen; beide Beispiele umfassen jeweils die Berechnung einer kleineren Baugruppe. In Summe muss die Hälfte der Punkte erreicht werden, um zur mündlichen Prüfung antreten zu können. Ausnahme: bei der 3. Prüfung kann in jedem Fall ein Antritt zur mündlichen Prüfung erfolgen. In der mündlichen Prüfung werden zwei Fragen gestellt, die meist einen größeren Bereich umfassen; während der Antwort werden Zwischenfragen gestellt, um die Durchdringung des Fachgebietes zu überprüfen.",Frontalunterricht; ausführliches Skriptum; Üben des Erlernten in den begleitenden Übungen (siehe Maschinenelemente Übungen) ,Deutsch,"Skriptum; zusätzlich hilfreich: Niemann, Winter, Höhn, Stahl: Maschinenelemente (Springer Verlag); Roloff/ Matek: Maschinenelemente (vieweg Verlag); Decker: Maschinenelemente (Hanser Verlag); Schlecht: Maschinenelemente (Pearson Verlag)",Nein,Keine,Pflichtfächer
324.820,Mathematics for AI II,VL,Präsenz,Krystian Kazaniecki,2024S,"6,00","4,0",Mo. 11.11.24 16:15 - 19:45,600,528,27.0,English,A. Funktionalanalysis,krystian.kazaniecki@jku.at,B1 - Bachelor 1. Jahr,Artificial Intelligence,Johannes Kepler Universität Linz,Bachelorstudium Artificial Intelligence 2022W,(*)final exam,,Englisch,"(*)Manuscript, slides, videos and exercises+solutions can be found on Moodle.",Nein,,(*)Mathematics
357.121,Mathematik 2,UE,Präsenz,Robert Pollak,2024S,"1,50","1,0",Letzter Termin vorbei,35,30,19.0,German,I. Math. Methoden Med. u. Datenbas. Mod.,robert.pollak@jku.at,B1 - Bachelor 1. Jahr,Mathematik,Johannes Kepler Universität Linz,Bachelorstudium Mechatronik 2021W,"Schriftliche Übungsklausuren, Anzahl der vorbereiteten Beispiele, Präsentation von Aufgaben, erzielte Punkte bei Projektabgaben",Präsentation und Diskussion an der Tafel; eigenständige Ausarbeitung von Aufgaben,Deutsch,wird in den Übungen bekanntgegeben,Nein,keine,Pflichtfächer
357.122,Mathematik 2,UE,Präsenz,Robert Pollak,2024S,"1,50","1,0",Letzter Termin vorbei,35,33,19.0,German,I. Math. Methoden Med. u. Datenbas. Mod.,info@m3dm.jku.at,B1 - Bachelor 1. Jahr,Mathematik,Johannes Kepler Universität Linz,Bachelorstudium Mechatronik 2021W,"Schriftliche Übungsklausuren, Anzahl der vorbereiteten Beispiele, Präsentation von Aufgaben, erzielte Punkte bei Projektabgaben",Präsentation und Diskussion an der Tafel; eigenständige Ausarbeitung von Aufgaben,Deutsch,wird in den Übungen bekanntgegeben,Nein,keine,Pflichtfächer
357.123,Mathematik 2,UE,Präsenz,Dmitry Efrosinin,2024S,"1,50","1,0",Letzter Termin vorbei,35,35,19.0,German,I. Math. Methoden Med. u. Datenbas. Mod.,info@m3dm.jku.at,B1 - Bachelor 1. Jahr,Mathematik,Johannes Kepler Universität Linz,Bachelorstudium Mechatronik 2021W,"Schriftliche Übungsklausuren, Anzahl der vorbereiteten Beispiele, Präsentation von Aufgaben, erzielte Punkte bei Projektabgaben",Präsentation und Diskussion an der Tafel; eigenständige Ausarbeitung von Aufgaben,Deutsch,wird in den Übungen bekanntgegeben,Nein,keine,Pflichtfächer
357.124,Mathematik 2,UE,Präsenz,Dmitry Efrosinin,2024S,"1,50","1,0",Letzter Termin vorbei,35,35,19.0,German,I. Math. Methoden Med. u. Datenbas. Mod.,,B1 - Bachelor 1. Jahr,Mathematik,Johannes Kepler Universität Linz,Bachelorstudium Mechatronik 2021W,"Schriftliche Übungsklausuren, Anzahl der vorbereiteten Beispiele, Präsentation von Aufgaben, erzielte Punkte bei Projektabgaben",Präsentation und Diskussion an der Tafel; eigenständige Ausarbeitung von Aufgaben,Deutsch,wird in den Übungen bekanntgegeben,Nein,keine,Pflichtfächer
357.125,Mathematik 2,UE,Präsenz,Valentin Sturm,2024S,"1,50","1,0",Letzter Termin vorbei,35,37,19.0,German,I. Math. Methoden Med. u. Datenbas. Mod.,info@m3dm.jku.at,B1 - Bachelor 1. Jahr,Mathematik,Johannes Kepler Universität Linz,Bachelorstudium Mechatronik 2021W,"Schriftliche Übungsklausuren, Anzahl der vorbereiteten Beispiele, Präsentation von Aufgaben, erzielte Punkte bei Projektabgaben",Präsentation und Diskussion an der Tafel; eigenständige Ausarbeitung von Aufgaben,Deutsch,wird in den Übungen bekanntgegeben,Nein,keine,Pflichtfächer
357.126,Mathematik 2,UE,Präsenz,Valentin Sturm,2024S,"1,50","1,0",Letzter Termin vorbei,35,35,19.0,German,I. Math. Methoden Med. u. Datenbas. Mod.,info@m3dm.jku.at,B1 - Bachelor 1. Jahr,Mathematik,Johannes Kepler Universität Linz,Bachelorstudium Mechatronik 2021W,"Schriftliche Übungsklausuren, Anzahl der vorbereiteten Beispiele, Präsentation von Aufgaben, erzielte Punkte bei Projektabgaben",Präsentation und Diskussion an der Tafel; eigenständige Ausarbeitung von Aufgaben,Deutsch,wird in den Übungen bekanntgegeben,Nein,keine,Pflichtfächer
357.128,Mathematik 2,UE,Präsenz,Robert Pollak,2024S,"1,50","1,0",Letzter Termin vorbei,35,24,19.0,German,I. Math. Methoden Med. u. Datenbas. Mod.,info@m3dm.jku.at,B1 - Bachelor 1. Jahr,Mathematik,Johannes Kepler Universität Linz,Bachelorstudium Mechatronik 2021W,"Schriftliche Übungsklausuren, Anzahl der vorbereiteten Beispiele, Präsentation von Aufgaben, erzielte Punkte bei Projektabgaben",Präsentation und Diskussion an der Tafel; eigenständige Ausarbeitung von Aufgaben,Deutsch,wird in den Übungen bekanntgegeben,Nein,keine,Pflichtfächer
367.060,Multimediasysteme,VO,Präsenz,Gabriele Kotsis,2024S,"3,00","2,0",Letzter Termin vorbei,250,234,11.0,German,I. Telekooperation,gabriele.kotsis@jku.at,B1 - Bachelor 1. Jahr,Informatik,Johannes Kepler Universität Linz,Bachelorstudium Informatik 2022W,"Abschlussklausur in schriftlicher Form, keine Unterlagen erlaubt, Fragen zu Basiswissen, praktischen Fertigkeiten und vertiefendem Verständniswissen ","Vortrag, Selbststudium mittels vertiefender Beispiele, Fragen, Disskussion",Deutsch,wird jeweils aktuell in der Vorlesung bekanntgegeben,Nein,,Systeme
245.312,Operations and Supply Chain Management,IK,Präsenz,Simon Currle,2024S,"3,00","2,0",Letzter Termin vorbei,40,42,10.0,English,I. Produktions-u.Logistikmanagement,simon.currle@jku.at,B2 - Bachelor 2. Jahr,Betriebswirtschaftslehre,Johannes Kepler Universität Linz,Bachelorstudium Betriebswirtschaftslehre 2020W,"Homework exercises, exam(s)","Discussion of exercises, group work",English,"Stevenson, WJ: Operations Management. McGraw-Hill Education Ltd; in the current edition
Chopra, S (2019) Supply Chain Management: Strategy, Planning and Operation (7th Edition) 
Zusätzliche Literatur wird in der Lehrveranstaltung bekannt gegeben.",Nein,We strongly recommend to attend KS and IK “Operations and Supply Chain Management” in the same semester.,Wahlfächer
245.311,Operations and Supply Chain Management,KS,Präsenz,Simon Currle,2024S,"3,00","2,0",Letzter Termin vorbei,100,91,11.0,English,I. Produktions-u.Logistikmanagement,elisabeth.gaar@jku.at,B2 - Bachelor 2. Jahr,Betriebswirtschaftslehre,Johannes Kepler Universität Linz,Bachelorstudium Betriebswirtschaftslehre 2021W,"Exam(s), exercises","Lecture, case studies, discussion",English,"Stevenson, WJ : Operations Management. McGraw-Hill Education Ltd; in the current edition
Chopra, S: Supply Chain Management: Strategy, Planning and Operation; in the current edition
Pointers to additional literature will be provided in class.",Nein,We recommend to attend KS and IK “Operations and Supply Chain Management” in the same semester.,(*)Digitalization and Supply Chain Management
381.013,Polymer Injection Moulding 2: Process Technologies,KV,Präsenz,Georg Steinbichler,2024S,"3,00","2,0",Di. 11.02.25 13:45 - 15:15,35,12,14.0,English,"I. Polymer Inj. Moulding, Process Autom.",,M1 - Master 1. Jahr,Kunststofftechnik,Johannes Kepler Universität Linz,Masterstudium Polymer Technologies and Science (PTS) 2023W,(*)Written exam,,Englisch,"(*)Injection Molding - Technology and Fundamentals, James L. White, Hanser Verlag",Nein,,(*)Polymer Processing
150.031,Praxis der Unternehmensbesteuerung,VL,Präsenz,Christoph Finsterer,2024S,"1,50","1,0",Letzter Termin vorbei,200,62,3.0,German,"I. Finanz-, Steuerrecht u. Steuerpolitik",steuerrecht@jku.at,D - Diplom,Rechtswissenschaften,Johannes Kepler Universität Linz,Diplomstudium Rechtswissenschaften 2024W,Die Beurteilung erfolgt auf Basis der Mitwirkung an den Vorlesungsinhalten.,Die Lehrinhalte werden im Rahmen von Vorträgen und Diskussionen erarbeitet. ,Deutsch,,Nein,Die Lehrveranstaltung bildet in ihrer Gesamtheit einen Bestandteil des Fertigkeitentrainings im Sinne von § 3 des Curriculums. ,Zweiter Studienabschnitt
343.355,Projektorganisation,KV,Präsenz,Paul Grünbacher,2024S,"3,00","2,0",Letzter Termin vorbei,35,28,6.0,German,I. Software Systems Engineering,paul.gruenbacher@jku.at,B2 - Bachelor 2. Jahr,Informatik,Johannes Kepler Universität Linz,Bachelorstudium Informatik 2022W,2-4 praktische Übungen im Rahmen des Semesterprojekts; schriftlicher Test am Ende des Semesters (Sommersemester); Ausarbeitung und Präsentation eines Vertiefungsthemas (Wintersemester),Folienvortrag; Semesterprojekt in Gruppen; Besprechung neuer und abgegebener Projektaufgaben; Diskussionen; Verwendung von Softwarewerkzeugen,Deutsch,Foliensatz; Software-Werkzeuge,Nein,,Begleitende Inhalte
257.211,Prozess- und Kommunikationsmodellierung,UE,Präsenz,Udo Kannengiesser,2024S,"3,00","2,0",Letzter Termin vorbei,30,30,10.0,German,I. WI Communications Engineering,udo.kannengiesser@jku.at,B1 - Bachelor 1. Jahr,Wirtschaftsinformatik,Johannes Kepler Universität Linz,Bachelorstudium Wirtschaftsinformatik 2020W,Beurteilung von individuellen Modellierungsaufgaben und der Ergebnisse der Gruppenreflexion(Gewichtung je 50%) für jede Teilaufgabe.,Angeleitete Explorierung und Reflexion,Deutsch,"Basisliteratur: 
Becker, J., Kugeler, M., & Rosemann, M. (Hrsg.). (2012). Prozessmanagement: Ein Leitfaden zur prozessorientierten Organisationsgestaltung (Siebte, korrigierte und erweiterte Auflage). Springer Gabler.
Rücker, B., & Freund, J. (2019). Praxishandbuch BPMN Mit Einführung in DMN (Sechste Auflage). Carl Hanser Verlag.
Ergänzungsliteratur wird in jedem Semester bekannt gegeben",Nein,Siehe  Prozess- und Kommunikationsmodellierung,Wahlfächer
257.213,Prozess- und Kommunikationsmodellierung,UE,Präsenz,Udo Kannengiesser,2024S,"3,00","2,0",Letzter Termin vorbei,30,16,10.0,German,I. WI Communications Engineering,udo.kannengiesser@jku.at,B1 - Bachelor 1. Jahr,Wirtschaftsinformatik,Johannes Kepler Universität Linz,Bachelorstudium Wirtschaftsinformatik 2020W,Beurteilung von individuellen Modellierungsaufgaben und der Ergebnisse der Gruppenreflexion(Gewichtung je 50%) für jede Teilaufgabe.,Angeleitete Explorierung und Reflexion,Deutsch,"Basisliteratur: 
Becker, J., Kugeler, M., & Rosemann, M. (Hrsg.). (2012). Prozessmanagement: Ein Leitfaden zur prozessorientierten Organisationsgestaltung (Siebte, korrigierte und erweiterte Auflage). Springer Gabler.
Rücker, B., & Freund, J. (2019). Praxishandbuch BPMN Mit Einführung in DMN (Sechste Auflage). Carl Hanser Verlag.
Ergänzungsliteratur wird in jedem Semester bekannt gegeben",Nein,Siehe  Prozess- und Kommunikationsmodellierung,Wahlfächer
257.214,Prozess- und Kommunikationsmodellierung,UE,Präsenz,Richard Heininger,2024S,"3,00","2,0",Letzter Termin vorbei,30,31,10.0,German,I. WI Communications Engineering,richard.heininger@jku.at,B1 - Bachelor 1. Jahr,Wirtschaftsinformatik,Johannes Kepler Universität Linz,Bachelorstudium Wirtschaftsinformatik 2020W,Beurteilung von individuellen Modellierungsaufgaben und der Ergebnisse der Gruppenreflexion(Gewichtung je 50%) für jede Teilaufgabe.,Angeleitete Explorierung und Reflexion,Deutsch,"Basisliteratur: 
Becker, J., Kugeler, M., & Rosemann, M. (Hrsg.). (2012). Prozessmanagement: Ein Leitfaden zur prozessorientierten Organisationsgestaltung (Siebte, korrigierte und erweiterte Auflage). Springer Gabler.
Rücker, B., & Freund, J. (2019). Praxishandbuch BPMN Mit Einführung in DMN (Sechste Auflage). Carl Hanser Verlag.
Ergänzungsliteratur wird in jedem Semester bekannt gegeben",Nein,Siehe  Prozess- und Kommunikationsmodellierung,Wahlfächer
257.200,Prozess- und Kommunikationsmodellierung,VL,Präsenz,Udo Kannengiesser,2024S,"3,00","2,0",Letzter Termin vorbei,200,152,8.0,German,I. WI Communications Engineering,udo.kannengiesser@jku.at,B1 - Bachelor 1. Jahr,Wirtschaftsinformatik,Johannes Kepler Universität Linz,Bachelorstudium Wirtschaftsinformatik 2020W,Klausur,"Konzeptuelle Inputs und interaktiver Diskurs auf Basis von Fragen, die zu jeder Lerneinheit gestellt werden. Das gesamte Material ist didaktisch aufbereitet in einer e-Learning-Plattform verfügbar. Die Studierenden haben die Möglichkeit, ihre Überlegungen in einem den Fragen zugeordneten Forum kontextsensitiv einzupflegen und zu bearbeiten.",Deutsch,"Basisliteratur: 
Dumas, M., La Rosa, M., Mendling, J., & Reijers, H. A. (2013). Fundamentals of Business Process Management. Springer Berlin Heidelberg. 
Harmon, P. (2019). Business process change: A business process management guide for managers and process professionals (Vierte Auflage). Elsevier.
Ould, M. A. (2005). Business process management: A rigorous approach. Meghan-Kiffer Press.
Weske, M. (2019). Business Process Management: Concepts, Languages, Architectures (Dritte Auflage). Springer Berlin Heidelberg. 
Ergänzungsliteratur wird in jedem Semester bekannt gegeben",Nein,Siehe  Prozess- und Kommunikationsmodellierung,Wahlfächer
361.001,Regelungstechnik,VL,Präsenz,Markus Schöberl,2024S,"4,50","3,0",Fr. 13.12.24 10:15 - 12:45,140,132,21.0,German,I. Regelungstechn. u. Prozessautomatis.,,B2 - Bachelor 2. Jahr,Mechatronik,Johannes Kepler Universität Linz,Bachelorstudium Mechatronik 2023W,schriftliche Klausur und/oder mündliche Prüfung,Tafel- und Folienvortrag,Deutsch,JKU KUSSS und/oder Moodle,Nein,,Pflichtfächer
382.059,Signalverarbeitung,VL,Präsenz,Mario Huemer,2024S,"4,50","3,0",Fr. 15.11.24 08:30 - 11:00,70,53,18.0,German,I. Signalverarbeitung,office.isp@jku.at,B2 - Bachelor 2. Jahr,Informationselektronik,Johannes Kepler Universität Linz,Bachelorstudium Elektronik und Informationstechnik 2022W,Schriftliche Klausur,Folien/Tafelvortrag unterstützt mit Matlab-basierten Demos,Deutsch,"Vorlesungsfolien 
A.V. Oppenheim, R.W. Schafer, J.R. Buck, Zeitdiskrete Signalverarbeitung, Pearson, München, 2004. 
K.D. Kammeyer, K. Kroschel, Digitale Signalverarbeitung, Vieweg + Teubner, Wiesbaden, 2009. 
D. Ch. von Grünigen, Digitale Signalverarbeitung, Hanser, München, 2008. ",Nein,,Wahlfächer
339.170,Softwareentwicklung 1,VO,Präsenz,Hanspeter Mössenböck,2024S,"3,00","2,0",Letzter Termin vorbei,100,108,12.0,German,I. Systemsoftware,hanspeter.moessenboeck@jku.at,B1 - Bachelor 1. Jahr,Informatik,Johannes Kepler Universität Linz,Bachelorstudium Informatik 2024W,Klausur am Semesterende,Folienvortrag mit Beispielen an der Tafel.,Deutsch,"Basisliteratur:  
Mössenböck, H.: Sprechen Sie Java? Eine Einführung in das systematische Programmieren. dpunkt.verlag, Heidelberg, in der aktuellen Auflage.
Ergänzungsliteratur wird in jedem Semester bekannt gegeben.",Nein,Für nähere Informationen siehe http://ssw.jku.at/Teaching/Lectures/,Pflichtfächer
339.191,Softwareentwicklung 2,VO,Präsenz,Herbert Prähofer,2024S,"3,00","2,0",Letzter Termin vorbei,300,306,17.0,German,I. Systemsoftware,herbert.praehofer@jku.at,B1 - Bachelor 1. Jahr,Informatik,Johannes Kepler Universität Linz,Bachelorstudium Informatik 2024W,Klausur am Semesterende,"Folienvortrag mit Beispielen an der Tafel. In wöchentlichen Programmieraufgaben, die in der darauffolgenden Woche besprochen werden, erwerben Sie praktische Programmiererfahrungen.",Deutsch,Siehe http://ssw.jku.at/Teaching/Lectures/SW2/VL/,Nein,Für weitere Informationen siehe http://ssw.jku.at/Teaching/Lectures/SW2/VL/,Software
256.600,Soziale Auswirkungen der IT,KS,Präsenz,Hermann Sikora,2024S,"3,00","2,0",Do. 24.10.24 19:00 - 20:30,150,154,13.0,German,I. WI Information Engineering,office@ie.jku.at,B3 - Bachelor 3. Jahr,Sozialwissenschaften,Johannes Kepler Universität Linz,Bachelorstudium Wirtschaftsinformatik 2024W,Kurzreferat und schriftliche Arbeit zu einem selbstgewählten Thema.,Kurze beschreibende oder empirische Studie,Deutsch,Aktuelle Literatur wird im KUSSS bereitgestellt.,Nein,,Soziale und geschlechterspezifische Aspekte der IT
339.341,Special Topics,KV,Präsenz,Hanspeter Mössenböck,2024S,"1,50","1,0",Letzter Termin vorbei,125,119,3.0,English,I. Systemsoftware,hanspeter.moessenboeck@jku.at,M1 - Master 1. Jahr,Informatik,Johannes Kepler Universität Linz,Masterstudium Computer Science 2021W,(*)See course descriptions. ,(*)See course descriptions. ,Englisch,(*)See course descriptions. ,Ja,(*)None.,(*)Area of Specialization
339.350,Special Topics,KV,Präsenz,William Steingartner,2024S,"1,50","1,0",Letzter Termin vorbei,35,12,4.0,English,I. Systemsoftware,sec@ssw.jku.at,M1 - Master 1. Jahr,Informatik,Johannes Kepler Universität Linz,Masterstudium Computer Science 2021W,(*)See course descriptions. ,(*)See course descriptions. ,Englisch,(*)See course descriptions. ,Ja,(*)None.,(*)Area of Specialization
366.594,Statistics for AI,UE,Fernstudium,Thomas Forstner,2024S,"3,00","2,0",Letzter Termin vorbei,150,215,0.0,English,A. Angewandte Systemforsch. u. Statistik,thomas.forstner@jku.at,B1 - Bachelor 1. Jahr,Artificial Intelligence,Johannes Kepler Universität Linz,Bachelorstudium Artificial Intelligence 2019W,(*)Homework assignments and presentations,(*)Student presentations ,Englisch,"(*)Slides provided by instructor
Bortz, J.: Statistik für Human- und Sozialwissenschaftler. Springer, Heidelberg, in der aktuellen Auflage.
Fahrmeir, L.; Künstler, R.; Pigeot, I.: Statistik – Der Weg zur Datenanalyse. Springer, Berlin, in der aktuellen Auflage.
Hartung, J.; Elpelt, B.; Klösener, K.-H.: Statistik: Lehr- und Handbuch der angewandten Statistik. Oldenbourg, München, in der aktuellen Auflage.
or any other introductory book to statistics ",Nein,"(*)Continuative courses: 
Statistics 2 (focus on parametric and non-parametric tests)
Special Topics: Computer Assisted Statistics with SPSS (introduction into SPSS)
Special Topics: Biostatistics in Clinical Research (introduction into biostatisics)
Special Topics: Applied Biostatistics
Special Topics: Statistics 3 (parametric and non-parametric analysis of variance, multiple linear and non-linear regression ) ",(*)Data Science
238.213,Statistik für Sozial- und Wirtschaftswissenschaften,KS,Präsenz,Andreas Quatember,2024S,"3,00","2,0",Letzter Termin vorbei,180,160,14.0,German,A. Datengewinnung und Datenqualität,andreas.quatember@jku.at,B1 - Bachelor 1. Jahr,Statistik,Johannes Kepler Universität Linz,Bachelorstudium Wirtschaftswissenschaften 2020W 2023W,Hausübungen und Klausur ,"Vortrag durch den Lehrenden 
Diskussion der Hausübungen
eigenständiges Arbeiten mit Daten in EXCEL",Deutsch,"Quatember, A. (aktuelle Auflage). Statistik ohne Angst vor Formeln. Pearson, München",Nein,EXCEL-Lern- und Simulationsdateien für manche Hausübungen werden zur Verfügung gestellt ,Pflichtfächer
150.004,Steuerrecht,RE,Präsenz,Maximilian Reindl,2024S,"2,00","2,0",Letzter Termin vorbei,200,100,4.0,German,"I. Finanz-, Steuerrecht u. Steuerpolitik",steuerrecht@jku.at,,,,,,,,,,,Not available
269.030,Strategisches Management: Grundlagen,KS,Präsenz,Johannes Winkler,2024S,"3,00","2,0",Letzter Termin vorbei,100,82,6.0,German,I. Strategisches Management,,B2 - Bachelor 2. Jahr,Betriebswirtschaftslehre,Johannes Kepler Universität Linz,Bachelorstudium Betriebswirtschaftslehre 2024W,Klausur und Seminararbeit,"Zur Erreichung der Lehr- und Lernziele werden theoretische Inputs, Selbststudium sowie Übungen in Kleingruppen und Phasen der kritischen Reflexion und Diskussion eingesetzt.",Deutsch,,Nein,,Wahlfächer
381.001,Technologien der Polymerverarbeitung 2: Spritzgießen,VL,Präsenz,Georg Steinbichler,2024S,"2,50","2,0",Di. 11.02.25 13:45 - 15:15,105,22,16.0,German,"I. Polymer Inj. Moulding, Process Autom.",,B2 - Bachelor 2. Jahr,Kunststofftechnik,Johannes Kepler Universität Linz,Bachelorstudium Nachhaltige Kunststofftechnik & Kreislaufwirtschaft 2024W,Schriftliche Prüfung mit transparentem Punktesystem und Notenzuteilung,Vorlesung mit Power Point Präsentation; Skripten werden über das KUSSS zur Verfügung gestellt,Deutsch,,Nein,Diese Lehrveranstaltung wird in Abstimmung mit den Studierenden wahlweise in deutscher oder englischer Sprache abgehalten. Zumindest werden Unterlagen oder Buchempfehlungen jeweils in deutscher und englischer Sprache zur Verfügung gestellt. Die Prüfung kann wahlweise in deutscher oder englischer Sprache absolviert werden. ,Kunststofftechnik und Kreislaufwirtschaft
367.044,Vertiefung Softwareentwicklung,VL,Präsenz,Karin Anna Hummel,2024S,"3,00","2,0",Letzter Termin vorbei,200,166,13.0,German,I. Telekooperation,karin_anna.hummel@jku.at,B1 - Bachelor 1. Jahr,Wirtschaftsinformatik,Johannes Kepler Universität Linz,Bachelorstudium Wirtschaftsinformatik 2023W,Klausur,Folienvortrag mit Beispielen an der Tafel ,Deutsch,"Basisliteratur:
Mössenböck, H.: Sprechen Sie Java? Eine Einführung in das systematische Programmieren. dpunkt.verlag, Heidelberg, in der aktuellen Auflage. 
Ergänzungsliteratur wird in jedem Semester bekannt gegeben. ",Nein,,Begleitende Inhalte
531.208,Wahrscheinlichkeitsrechnung,VO,Präsenz,Peter Kritzer,2024S,"4,00","4,0",Fr. 13.12.24 10:15 - 12:45,100,76,30.0,German,A. MINT Didaktik,Peter.Kritzer@oeaw.ac.at,,,,,,,,,,,Not available
233.KS2,Wirtschafts- und Berufspädagogik 2,KS,Präsenz,Georg Hans Neuweg,2024S,"4,00","2,0",Letzter Termin vorbei,200,59,11.0,German,I. Wirtschafts- u. Berufspädagogik,georg.neuweg@jku.at,D - Diplom,Pädagogik,Johannes Kepler Universität Linz,Diplomstudium Wirtschaftspädagogik 2023W,Schriftliche Klausur sowie Reflexions- und Übungsaufgaben,"Vortrag, selbständiges Literaturstudium, Diskussion",Deutsch,Detaillierte Angaben sind der Literaturliste im WIP-Moodle zu entnehmen. ,Nein,Der Kurs Wirtschafts- und Berufspädagogik 2 (Sommersemester) wird alternierend mit dem Kurs Wirtschafts- und Berufspädagogik 1 (Wintersemester) angeboten. Er kann auch vor dem Kurs 1 absolviert werden.,Pflichtfächer 2. Studienabschnitt
367.144,Wirtschaftsgrundlagen der Informatik,VL,Präsenz,Werner Retschitzegger,2024S,"3,00","2,0",Mo. 09.12.24 17:15 - 18:45,200,181,5.0,German,A. Kooperative Informationssysteme,werner.retschitzegger@jku.at,B2 - Bachelor 2. Jahr,Informatik,Johannes Kepler Universität Linz,Bachelorstudium Informatik 2022W,Klausur,Folien-basierter Vortrag,Deutsch,"G. Wöhe, U. Döring, Einführung in die Allgemeine Betriebswirtschaftslehre, 26. Auflage, Vahlen-Verlag, 2016
J.-P. Thommen, A.-K. Achleitner, Allgemeine Betriebswirtschaftslehre, 5. Auflage, Gabler-Verlag, 2009
J. Noll, Konstitutive Entscheidungen, Beschaffung, Leistungserstellung und Absatz, VO-Unterlagen, Fakultät für Wirtschaftswissenschaften, Universität Wien, 2007
A. Meier, H. Stormer, eBusiness & eCommerce, Management der digitalen Wertschöpfungskette, 2. Auflage, Springer, 2008
Tobias Kollmann: E-Business – Grundlagen elektronischer Geschäftsprozesse in der Digitalen Wirtschaft, 6. Auflage, Springer 2016
A. Meier, H. Stormer, eBusiness & eCommerce, Management der digitalen Wertschöpfungskette, 3. Auflage, Springer, 2012",Nein,http://www.cis.jku.at,Begleitende Inhalte
367.145,Wirtschaftsgrundlagen für Informatiker,VO,Präsenz,Werner Retschitzegger,2024S,"3,00","2,0",Mo. 09.12.24 17:15 - 18:45,15,2,5.0,German,A. Kooperative Informationssysteme,werner.retschitzegger@jku.at,,,,,,,,,,,Not available
300.951,Wissenschaftliches Schreiben und Layouten anhand von LaTeX 2,KV,Präsenz,Markus Jäger,2024S,"1,50","1,0",Letzter Termin vorbei,50,24,4.0,German,Studienleitung TN,,,,,,,,,,,,Not available
531.170,Zahlentheorie,VO,Präsenz,Friedrich Pillichshammer,2024S,"2,00","2,0",Mi. 30.10.24 08:30 - 10:00,110,98,14.0,German,A. MINT Didaktik,friedrich.pillichshammer@jku.at,,,,,,,,,,,Not available
239.301,Ökonomie für das Unterrichtsfach GW,VU,Präsenz,René Andeßner,2024S,"8,00","4,0",Letzter Termin vorbei,200,47,23.0,German,I. Volkswirtschaftslehre,,,,,,,,,,,,Not available
